{
    "ml_dataset_all_possible_labels": [
        0,
        1,
        2,
        3,
        4,
        5,
        6,
        7,
        8,
        9
    ],
    "ml_delayed_test_accuracy": false,
    "ml_max_tick": 2000,
    "ml_model_weight_diff_record_interval_tick": 10,
    "ml_non_iid_normal_weight": [
        10.0,
        15.0
    ],
    "ml_reputation_dll_path": "./libreputation_HalfFedAvg.so",
    "ml_solver_proto": "../../../dataset/MNIST/lenet_solver_memory.prototxt",
    "ml_test_batch_size": 100,
    "ml_test_dataset": "../../../dataset/MNIST/t10k-images.idx3-ubyte",
    "ml_test_dataset_label": "../../../dataset/MNIST/t10k-labels.idx1-ubyte",
    "ml_test_interval_tick": 10,
    "ml_train_batch_size": 64,
    "ml_train_dataset": "../../../dataset/MNIST/train-images.idx3-ubyte",
    "ml_train_dataset_label": "../../../dataset/MNIST/train-labels.idx1-ubyte",
    "node_topology": [
        "fully_connect"
    ],
    "nodes": [
        {
            "buffer_size": 10,
            "dataset_mode": "iid",
            "filter_limit": 0.5,
            "model_generation_type": "normal",
            "name": "0",
            "node_type": "observer",
            "non_iid_distribution": {
                "0": [
                    0.16277609765529633,
                    0.16277609765529633
                ],
                "1": [
                    14633.9609375,
                    14633.9609375
                ],
                "2": [
                    47.655635833740234,
                    47.655635833740234
                ],
                "3": [
                    2.371222496032715,
                    2.371222496032715
                ],
                "4": [
                    1189.6182861328125,
                    1189.6182861328125
                ],
                "5": [
                    13969.794921875,
                    13969.794921875
                ],
                "6": [
                    14.95244312286377,
                    14.95244312286377
                ],
                "7": [
                    19.931169509887695,
                    19.931169509887695
                ],
                "8": [
                    22070.5078125,
                    22070.5078125
                ],
                "9": [
                    117.93252563476563,
                    117.93252563476563
                ]
            },
            "training_interval_tick": [
                8,
                9,
                10,
                11,
                12
            ]
        },
        {
            "buffer_size": 10,
            "dataset_mode": "iid",
            "filter_limit": 0.5,
            "model_generation_type": "normal",
            "name": "1",
            "node_type": "normal",
            "non_iid_distribution": {
                "0": [
                    2.7363386154174805,
                    2.7363386154174805
                ],
                "1": [
                    2108.41748046875,
                    2108.41748046875
                ],
                "2": [
                    260.6585998535156,
                    260.6585998535156
                ],
                "3": [
                    2.4482656044710893e-06,
                    2.4482656044710893e-06
                ],
                "4": [
                    1683.9561767578125,
                    1683.9561767578125
                ],
                "5": [
                    0.0029654994141310453,
                    0.0029654994141310453
                ],
                "6": [
                    2544.109619140625,
                    2544.109619140625
                ],
                "7": [
                    0.08521255105733871,
                    0.08521255105733871
                ],
                "8": [
                    36777.44921875,
                    36777.44921875
                ],
                "9": [
                    2.1212938090126032e-12,
                    2.1212938090126032e-12
                ]
            },
            "training_interval_tick": [
                8,
                9,
                10,
                11,
                12
            ]
        },
        {
            "buffer_size": 10,
            "dataset_mode": "iid",
            "filter_limit": 0.5,
            "model_generation_type": "normal",
            "name": "2",
            "node_type": "normal",
            "non_iid_distribution": {
                "0": [
                    164.4102020263672,
                    164.4102020263672
                ],
                "1": [
                    463.29046630859375,
                    463.29046630859375
                ],
                "2": [
                    3612.6796875,
                    3612.6796875
                ],
                "3": [
                    11183.939453125,
                    11183.939453125
                ],
                "4": [
                    2.1259095668792725,
                    2.1259095668792725
                ],
                "5": [
                    1.3096020221710205,
                    1.3096020221710205
                ],
                "6": [
                    0.0037182033993303776,
                    0.0037182033993303776
                ],
                "7": [
                    6.511892691740684e-10,
                    6.511892691740684e-10
                ],
                "8": [
                    11567.4873046875,
                    11567.4873046875
                ],
                "9": [
                    27485.904296875,
                    27485.904296875
                ]
            },
            "training_interval_tick": [
                8,
                9,
                10,
                11,
                12
            ]
        },
        {
            "buffer_size": 10,
            "dataset_mode": "iid",
            "filter_limit": 0.5,
            "model_generation_type": "normal",
            "name": "3",
            "node_type": "normal",
            "non_iid_distribution": {
                "0": [
                    8.342214584350586,
                    8.342214584350586
                ],
                "1": [
                    51.58349609375,
                    51.58349609375
                ],
                "2": [
                    1.838113689700549e-06,
                    1.838113689700549e-06
                ],
                "3": [
                    0.04729452729225159,
                    0.04729452729225159
                ],
                "4": [
                    1349.2381591796875,
                    1349.2381591796875
                ],
                "5": [
                    1579.35595703125,
                    1579.35595703125
                ],
                "6": [
                    4349.09326171875,
                    4349.09326171875
                ],
                "7": [
                    41078.3515625,
                    41078.3515625
                ],
                "8": [
                    3.8783351665816826e-15,
                    3.8783351665816826e-15
                ],
                "9": [
                    10.126914024353027,
                    10.126914024353027
                ]
            },
            "training_interval_tick": [
                8,
                9,
                10,
                11,
                12
            ]
        },
        {
            "buffer_size": 10,
            "dataset_mode": "iid",
            "filter_limit": 0.5,
            "model_generation_type": "normal",
            "name": "4",
            "node_type": "normal",
            "non_iid_distribution": {
                "0": [
                    4.317836785605231e-19,
                    4.317836785605231e-19
                ],
                "1": [
                    19622.87890625,
                    19622.87890625
                ],